{"initial_reset_timestamp": 1528789157.6550338, "timestamps": [1528789158.977607, 1528789160.0280323, 1528789160.0723438, 1528789160.1071377, 1528789160.1860182, 1528789160.265782, 1528789160.3304846, 1528789160.409285, 1528789161.5593243, 1528789161.668922, 1528789161.7469668, 1528789161.8273144, 1528789161.910555, 1528789162.0029776, 1528789162.0552325, 1528789162.1534069, 1528789162.2550972, 1528789162.3181248, 1528789162.4196115, 1528789162.5210104, 1528789162.6223922, 1528789162.7233646, 1528789162.8216448, 1528789162.9065583, 1528789162.9916773, 1528789163.076043, 1528789163.1594791, 1528789164.3131733, 1528789164.4271865, 1528789164.4696918, 1528789164.5099034, 1528789164.5937233, 1528789164.6780522, 1528789164.76268, 1528789164.807734, 1528789164.8647275, 1528789164.948731, 1528789165.0330122, 1528789165.1138024, 1528789165.1935396, 1528789165.2756686, 1528789165.3586967, 1528789165.426992, 1528789165.511375, 1528789165.5955958, 1528789165.680043, 1528789165.764059, 1528789165.8441288, 1528789165.9274852, 1528789166.0108588, 1528789166.0940773, 1528789166.1679907, 1528789166.249015, 1528789166.3361075, 1528789166.4296317, 1528789166.5291467, 1528789166.6333687, 1528789166.7097201, 1528789166.8217237, 1528789166.9367163, 1528789167.049544, 1528789167.1712608, 1528789167.297405, 1528789167.42337, 1528789169.4273982, 1528789169.5940068, 1528789169.7457926, 1528789169.8970058, 1528789169.9927619, 1528789170.0401785, 1528789170.1793644, 1528789170.3112555, 1528789170.4426117, 1528789170.5434015, 1528789170.6740286, 1528789170.7951293, 1528789170.8230138, 1528789170.881521, 1528789171.0052702, 1528789171.1293302, 1528789171.2237566, 1528789171.2760017, 1528789171.3902912, 1528789171.5156229, 1528789171.613826, 1528789171.7301788, 1528789171.8616517, 1528789171.993006, 1528789172.0943046, 1528789172.2248828, 1528789172.3564565, 1528789172.4030411, 1528789172.5385659, 1528789172.6435502, 1528789172.7837741, 1528789172.9299202, 1528789173.0688233, 1528789173.1639357, 1528789173.3022254, 1528789173.4303954], "episode_lengths": [200, 159, 20, 87, 200, 200, 164, 200, 200, 200, 200, 200, 200, 200, 107, 200, 200, 124, 200, 200, 200, 200, 200, 200, 200, 200, 200, 200, 200, 100, 94, 200, 200, 200, 106, 137, 200, 200, 193, 200, 200, 200, 165, 200, 200, 200, 200, 200, 200, 200, 200, 178, 200, 200, 200, 200, 200, 141, 200, 200, 187, 200, 200, 200, 200, 144, 193, 200, 130, 66, 200, 200, 200, 158, 200, 187, 43, 92, 200, 200, 152, 84, 178, 200, 157, 182, 200, 200, 154, 199, 200, 71, 200, 152, 200, 200, 200, 137, 200, 194], "episode_rewards": [200.0, 159.0, 20.0, 87.0, 200.0, 200.0, 164.0, 200.0, 200.0, 200.0, 200.0, 200.0, 200.0, 200.0, 107.0, 200.0, 200.0, 124.0, 200.0, 200.0, 200.0, 200.0, 200.0, 200.0, 200.0, 200.0, 200.0, 200.0, 200.0, 100.0, 94.0, 200.0, 200.0, 200.0, 106.0, 137.0, 200.0, 200.0, 193.0, 200.0, 200.0, 200.0, 165.0, 200.0, 200.0, 200.0, 200.0, 200.0, 200.0, 200.0, 200.0, 178.0, 200.0, 200.0, 200.0, 200.0, 200.0, 141.0, 200.0, 200.0, 187.0, 200.0, 200.0, 200.0, 200.0, 144.0, 193.0, 200.0, 130.0, 66.0, 200.0, 200.0, 200.0, 158.0, 200.0, 187.0, 43.0, 92.0, 200.0, 200.0, 152.0, 84.0, 178.0, 200.0, 157.0, 182.0, 200.0, 200.0, 154.0, 199.0, 200.0, 71.0, 200.0, 152.0, 200.0, 200.0, 200.0, 137.0, 200.0, 194.0], "episode_types": ["t", "t", "t", "t", "t", "t", "t", "t", "t", "t", "t", "t", "t", "t", "t", "t", "t", "t", "t", "t", "t", "t", "t", "t", "t", "t", "t", "t", "t", "t", "t", "t", "t", "t", "t", "t", "t", "t", "t", "t", "t", "t", "t", "t", "t", "t", "t", "t", "t", "t", "t", "t", "t", "t", "t", "t", "t", "t", "t", "t", "t", "t", "t", "t", "t", "t", "t", "t", "t", "t", "t", "t", "t", "t", "t", "t", "t", "t", "t", "t", "t", "t", "t", "t", "t", "t", "t", "t", "t", "t", "t", "t", "t", "t", "t", "t", "t", "t", "t", "t"]}